[
{"roomtypes":[{"name":"Single"}, {"name" : "Family Rooms"}, {"name" : "Double"}]}
,
{"entries":[{  
   "hotelName":"Hotel Lancaster",
   "rating":4,
   "city" : "Paris",
   "thumbnail":"http://comerciodearrecife.com/wp-content/uploads/hotel-prueba-1.jpg",
   "guestrating":4,
   "ratings":{  
      "no":8.8,
      "text":"Excellent"
   },
   "mapurl":"https://www.google.com/maps/embed?pb=!1m14!1m12!1m3!1d83998.94722687619!2d2.277019841665155!3d48.8588377391234!2m3!1f0!2f0!3f0!3m2!1i1024!2i768!4f13.1!5e0!3m2!1sen!2sgr!4v1554987763683!5m2!1sen!2sgr",
   "filters": [{"name":"Car Park"}, {"name":"Sauna"}, {"name":"Pool"}, {"name":"Wifi"}, {"name":"Balcony"}],
   "price":706
},
{  
   "hotelName":"Prince de Galles, a Laxury...",
   "rating":5,
   "city" : "Toulouz",
   "thumbnail":"https://imgcy.trivago.com/c_lfill,d_dummy.jpeg,f_auto,h_450,q_auto:eco,w_450/itemimages/42/88/42886_v5.jpeg",
   "guestrating":4,
   "ratings":{  
      "no":9.0,
      "text":"Excellent"
   },
   "mapurl":"https://www.google.com/maps/embed?pb=!1m14!1m12!1m3!1d83998.94722687619!2d2.277019841665155!3d48.8588377391234!2m3!1f0!2f0!3f0!3m2!1i1024!2i768!4f13.1!5e0!3m2!1sen!2sgr!4v1554987763683!5m2!1sen!2sgr",
   "filters": [{"name":"Car Park"}, {"name":"Sauna"}, {"name":"Pool"}],
   "price":1213
},
{  
   "hotelName":"Hotel Hilton",
   "rating":5,
   "city" : "Marseille",
   "thumbnail":"https://cdn.hotelplanner.com/Common/Images/_HotelPlanner/Home-Page/fade/sld6.jpg",
   "guestrating":4.9,
   "ratings":{  
      "no":9.8,
      "text":"Excellent"
   },
   "mapurl":"https://www.google.com/maps/embed?pb=!1m14!1m12!1m3!1d83998.94722687619!2d2.277019841665155!3d48.8588377391234!2m3!1f0!2f0!3f0!3m2!1i1024!2i768!4f13.1!5e0!3m2!1sen!2sgr!4v1554987763683!5m2!1sen!2sgr",
   "filters": [{"name":"Pool"}, {"name":"Wifi"}, {"name":"Balcony"}],
   "price":1500
},
  {
    "hotelName": "Hotel Hilton",
    "rating": 5,
    "city": "Paris",
    "thumbnail": "https://cdn.hotelplanner.com/Common/Images/_HotelPlanner/Home-Page/fade/sld6.jpg",
    "guestrating": 3.9,
    "ratings": {
      "no": 9.8,
      "text": "Excellent"
    },
    "mapurl": "https://www.google.com/maps/embed?pb=!1m14!1m12!1m3!1d83998.94722687619!2d2.277019841665155!3d48.8588377391234!2m3!1f0!2f0!3f0!3m2!1i1024!2i768!4f13.1!5e0!3m2!1sen!2sgr!4v1554987763683!5m2!1sen!2sgr",
    "filters": [
      { "name": "Car Park" },
      { "name": "Sauna" },
      { "name": "Pool" },
      { "name": "Wifi" }
    ],
    "price": 1500
  }]
}
]